name,Id,ratings,stocks_available,Tag
Learning Curve Chuggington Interactive Bridges & Tunnels Starter Set,0.0,4.2,1.0,Toys
Learning Curve Chuggington Interactive Koko,1.0,4.2,1.0,Toys
Hornby Gauge Eurostar 2014 Train Set,2.0,4.4,9.0,Toys
Hornby R1151 Caledonian Belle 00 Gauge Electric Train Set,3.0,4.4,18.0,Toys
Thomas & Friends Trackmaster Diesel 10 Motorised Engine,4.0,4.4,1.0,Toys
Hornby Railroad 00 Gauge LNER Class A4 Gadwell with TTS Sound Steam Locomotive,5.0,4.9,0.0,Toys
Hornby R1167 Flying Scotsman 00 Gauge Electric Train Set,6.0,4.2,17.0,Toys
Hornby 00 Gauge 270mm BR Mk1 Corridor Second BR Coach Model (Maroon),7.0,4.0,3.0,Toys
Dice - 25 x 16mm 6 sided spot dice - mixed colours,8.0,4.9,5.0,Games
"Perudo dice set - Liar Dice - 5 sets of 5 coloured dice, 14mm size",9.0,4.9,3.0,Games
"Big Cherry Dice, 5x Green D10 Die, 10 Sided Dice",10.0,5.0,2.0,Games
Gamewright Feed the Kitty,11.0,5.0,4.0,Games
Beetle Drive Score Pads for Beetle game x 4 pads,12.0,4.4,0.0,Games
Q-workshop Japanese D10 Dice Set - Black & White,13.0,5.0,2.0,Games
Learning Resources Foam Number Dice,14.0,4.7,4.0,Games
"100 six sided dice, 14mm, random colours",15.0,5.0,0.0,Games
"Polyhedral 7-Die Opaque Dice Set - Dusty Green with Copper (d4, d6, d8, d10, d12, d20 & d00)",16.0,5.0,5.0,Games
Q workshop Runic Dice set - Black and Yellow,17.0,4.0,4.0,Games
Unique Runic White D2 & Black D4 Dice Set,18.0,5.0,0.0,Games
WHATWEARS Sd Die D4 D6 D8 D10 D12 D20 MTG RPG D&D DND Poly Dices Pearl Green 7pcs,19.0,4.5,3.0,Games
Gem Clear Set,20.0,4.6,4.0,Games
MY Games 10pc Dice Set,21.0,5.0,3.0,Games
Polyhedral Dice: Gemini 4 Black-Purple w/ Gold,22.0,5.0,6.0,Games
"30 Dice, 16mm, Black and White",23.0,4.8,4.0,Games
Story Cubes Prehistoria [Multilingual],24.0,5.0,24.0,Games
Elvish Dice White/Black (7),25.0,4.7,5.0,Games
Poker dice and dice cup 00592,26.0,4.7,0.0,Games
Q-workshop Runic Dice Set - Black & White,27.0,5.0,1.0,Games
Q-Workshop - Set of White & Black Tribal Dice,28.0,4.8,11.0,Games
SmartDealsPro Set of 7 Dungeons and Dragons DND RPG MTG Table Games Dice(7 Colors Available) (Pure color series),29.0,4.3,4.0,Games
Chessex Dice: Polyhedral 7-Die Scarab Dice Set - Scarlet with Gold CHX-27414,30.0,4.0,3.0,Games
Rory Story Cubes Mix Score,31.0,4.8,16.0,Games
"Dice, pack of 10 polyhedron - 00536",32.0,4.6,4.0,Games
WHATWEARS D20 Gaming Dice Twenty Sd Die RPG D&D Set of 6 Six Opaque Color,33.0,5.0,4.0,Games
Q-workshop Pirate Dice (2),34.0,5.0,3.0,Games
20 BLUE CASINO STYLE DICE / CRAPS - LARGE 19MM NEW,35.0,5.0,0.0,Games
Q-workshop Runic Dice Set - White & Black,36.0,5.0,5.0,Games
Left Center Right Dice Game in Tin,37.0,4.9,8.0,Games
"Leather Dice Cup (One cup, does not include dice)",38.0,4.6,5.0,Games
"Q-Workshop Elven SELV14 Dice Set for RPG, Green & White",39.0,4.4,4.0,Games
Q-Workshop - Set of Transparent & Blue Elvish Dice,40.0,4.3,3.0,Games
"Big Cherry Dice, 5x Red D10 Die, 10 Sided Dice",41.0,4.3,2.0,Games
Q-workshop Classic Dice Set - Black & White,42.0,4.3,17.0,Games
"10x7 dice sets, opaque, plastic mix of colours. Contains d4, d6, d8, d10, d12, d20 and d%",43.0,4.8,0.0,Games
Q-Workshop - Set of Black & White Dragon Dice,44.0,5.0,3.0,Games
100 x 7mm opaque Plastic dice (Black),45.0,4.6,2.0,Games
Chessex Dice: Polyhedral 7-Die Opaque Dice Set - Ivory with Black [Toy],46.0,4.3,3.0,Games
Giant Ludo Game,47.0,4.5,3.0,Games
Q-workshop Runic Bag II,48.0,4.4,3.0,Games
D20 Level Counter Black/White,49.0,4.8,2.0,Games
SmartDealsPro 8 x 7-Die Series 8 Colors Sparkle Dungeons and Dragons DND RPG MTG Table Games Dice,50.0,4.3,0.0,Games
Pathfinder Iron Gods (7) Dice Set,51.0,5.0,2.0,Games
"Dice bulk pack for D&D RPG - 5x7 dice sets, opaque, plastic, 5 colours. d4, d6, d8, d10, d%, d12 and d20 x5",52.0,4.2,1.0,Games
Luchador! Mexican Wrestling Dice,53.0,5.0,2.0,Games
Pocket / Travel Yatzy dice game,54.0,4.3,0.0,Games
50 x 12mm Round Corner Spot (Grey),55.0,4.7,0.0,Games
Farkle Score Pads X 2 (100 sheets),56.0,5.0,0.0,Games
Casino Quality Dice,57.0,4.1,2.0,Games
Q workshop Dragon Dice set - Black and Yellow,58.0,4.7,4.0,Games
Dude Dice - Level 1 (for children aged 5 to 8),59.0,4.5,2.0,Games
Call of Cthulhu Horror on the orient express Black-purple dice set (7),60.0,5.0,0.0,Games
Pocket / Travel Peruvian dice game,61.0,5.0,0.0,Games
"Big Cherry Dice, 5x Black D10 Die, 10 Sided Dice",62.0,4.6,3.0,Games
Poker Dice,63.0,4.7,4.0,Games
Ent Dice Bag,64.0,5.0,3.0,Games
Polyhedral 7-Die Scarab Dice Set - Royal Blue with Gold [Toy],65.0,4.3,3.0,Games
BOGGLE - THE 3 MINUTE WORD GAME. 1996 EDITION BY PARKER,66.0,4.3,7.0,Games
"Polyhedral 7-Die Gemini Dice Set - Purple & Steel with White (d4, d6, d8, d10, d12, d20 & d00)",67.0,4.7,2.0,Games
LCR / Left Center Right Family Dice Game in a Tube Aka LRC CLR CRL RCL RLC (Color May Vary),68.0,4.8,6.0,Games
The Creativity Hub Rory's Story Cubes,69.0,4.8,33.0,Games
Polyhedral 7-Die Opaque Dice Set - Purple with White [Toy],70.0,5.0,4.0,Games
Q-workshop Runic Dice Set - Black & Red,71.0,4.3,2.0,Games
Rorys Story Cubes,72.0,4.6,2.0,Games
"Dice, spot-pack of 10 x 16mm. diameter.00563",73.0,4.8,6.0,Games
Beetle Drive Score Pads for Beetle game,74.0,4.3,0.0,Games
25 x 12mm Toxic Plastic dice (Acid),75.0,5.0,0.0,Games
4 Player Shut The Box,76.0,5.0,3.0,Games
50 x 10mm opaque Plastic dice (Ivory),77.0,5.0,0.0,Games
Polyhedral 7-Die Borealis Dice Set - Sky Blue with White [Toy],78.0,5.0,4.0,Games
Peruvian Dice Game. The original Liar's dice game from Peru - 6 player,79.0,4.6,0.0,Games
"Big Cherry 20x Halma Pawns, Plastic Playing Pieces - Purple",80.0,4.0,2.0,Games
"VB© Magic Sand 100g Bags Assorted Colours, Mould it, Roll it, Cut it, Shape it. Motion Kinetic Childrens/Kids Moving Play-Set",81.0,5.0,2.0,Art
Motion Sand® 2000g Pack,82.0,4.9,0.0,Art
2 Minutes Security Hourglass Sand Timer -Orange,83.0,4.8,7.0,Art
"LIGHT BLUE Magic Sand 500g With 3 Castle Moulds- Sculpture, Mould and Play",84.0,5.0,2.0,Art
Security Fashion Hourglass 15 Minutes Sand Timer -Purple,85.0,5.0,4.0,Art
Wacky-tivities Kinetic Sand 14 oz Neon Red,86.0,5.0,3.0,Art
10 Minutes Hourglass Sandglass Sand Timer Silver Lid Purple Sand,87.0,5.0,4.0,Art
Motion Sand Beach Bucket Playset,88.0,4.7,3.0,Art
Motion Sand® Fun Beach Playset,89.0,4.9,2.0,Art
Motion Sand® Learning Bucket Playset,90.0,4.9,2.0,Art
Safari Theme Sand Art Pictures (Pack of 20) (15 x 21 cm) - Sand NOT included,91.0,4.3,0.0,Art
Butterfly Plastic Sand Art Bottles for Children to Fill with Sand & Display Gifts- Pack of 4,92.0,5.0,0.0,Art
Kinetic Sand - Sandbox & Molds - Purple,93.0,4.1,7.0,Art
Cra-Z-Sand Tub,94.0,4.3,7.0,Art
Motion Sand® Sea Life Playset,95.0,4.7,0.0,Art
Motion Sand Round Tub Playset,96.0,4.8,2.0,Art
Motion Sand® Dinosaurs Playset,97.0,4.7,0.0,Art
Magic Motion Sand 800g 1.76lb with Plastic Tray & Creative Parts box set RED,98.0,4.0,0.0,Art
Kinetic Sand Box Set,99.0,4.3,58.0,Art
"Kinetic Sand, 1lb (454g) Metallic Gold",100.0,4.2,22.0,Art
Coloured Sand 350g of 8 Assorted Colours for Childrens Sand Art Crafts & Textured Paint Effects - Pack of 8,101.0,4.8,2.0,Art
Wacky-tivities Kinetic Sand 14 oz Neon Orange,102.0,5.0,5.0,Art
Just4baby Magic Motion Sand 1.5kg 1500g Play Set Tub Castle & Animal Moulds Children Toy,103.0,5.0,0.0,Art
Magic Motion Moving Sand 1kg 1000g Play Set Tub Castle Moulds Children Toy,104.0,5.0,0.0,Art
2-Minute Hourglass Sandglass Sand Timer - Pink,105.0,4.0,9.0,Art
"Cra-Z-Sand Deluxe Playset, Color May Vary",106.0,4.1,19.0,Art
"Kinetic Sand 2-Pound Packet Sand Art, Brown",107.0,4.7,14.0,Art
Childrens Bottle Sand Art Set Kids Make Your Own Activity Craft Kit,108.0,4.2,6.0,Art
Kinetic Sand 2lb Pack (Brown),109.0,4.5,36.0,Art
Kinetic Sand 1.5 lb Neon Playset (Purple),110.0,4.1,3.0,Art
Colourful Kinetic Sand (Orange),111.0,5.0,0.0,Art
Wacky-tivities Kinetic Sand 14 oz Neon Pink,112.0,4.8,4.0,Art
Motion Sand® Castle Bucket Playset,113.0,4.7,2.0,Art
"Kinetic Sand, 1lb (454g) Shimmering Blue Sapphire",114.0,4.6,9.0,Art
John Adams Sands Alive Animal Set,115.0,4.2,18.0,Art
"Wishtime Arts&Crafts Creative Kinetic Sand Alive Safety Super Soft Motion Sand with Molds playset for Boy and Girls (500g-Purple,Burgandy,Blue,Green,Yellow,Color Delivery Random)",116.0,4.7,0.0,Toys
Childrens Bottle Glow Sand Art Set Make Your Own Activity Craft Kit,117.0,4.0,22.0,Art
Cra-Z-Sand 1.5 lb Sand Refill Box Set - Select Colour (Neon Green),118.0,4.2,3.0,Art
Farm Animals Sand Art Pictures (Pack of 20) (15 x 21 cm) - Sand NOT included,119.0,4.7,0.0,Art
Transformers Robots in Disguise Mega Optimus Prime Action Figure,120.0,4.4,35.0,Toys
Transformers Masterpiece MP-8 Grimlock Figure,121.0,5.0,4.0,Toys
Transformers Generations Combiner Wars Deluxe Class Protectobot Rook Action Figure,122.0,4.6,4.0,Toys
Transformers Generations Combiner Wars Legend Bombshell,123.0,5.0,11.0,Toys
HALO 4 Series 3 Commander Palmer Action Figure,124.0,5.0,14.0,Toys
PREDATORS Series III Classic Predator 18cm,125.0,4.8,1.0,Fancy
Optimus Prime DMK 01 Transformers Movie Dual Model Kit,126.0,5.0,18.0,Toys
50g / 750 beads+ / Silver Lined Seed Beads 6/0 - Turquoise - A4666 / 50g,127.0,4.0,0.0,Art
"50 pieces 6mm ""Y"" White Cube Individual Letter Beads - KB0661",128.0,5.0,0.0,Art
Deal 600 Mixed Mettalic Gold & Silver Loom Bands With 20-Clips 1 tool,129.0,4.2,4.0,Art
Hama Beads - Pack of 4 Pegboards (Midi Beads),130.0,4.8,3.0,Art
Hama Beads 10000 Beads in a Bucket-10 thousand beads -genuine,131.0,5.0,2.0,Art
"Hama Beads 10,000 Beads in a Bucket",132.0,4.7,20.0,Art
"50 pieces 6mm ""S"" White Cube Individual Letter Beads - KB0655",133.0,5.0,2.0,Art
50 x Crystal Quartz Faceted Rondelle Beads 5040 - 8x10mm Dark Red - A7179,134.0,4.0,0.0,Art
30 pieces Tibetan Silver Cute Feet Metal Charm - A0074,135.0,4.3,0.0,Art
25g - 4mm Mixed Acrylic Faceted Bicone Beads - A5214,136.0,4.8,0.0,Art
"8 x Large Antique Bronze Key Charms and Jump Rings included for attachments. Universal use for Jewellery, Card Making and Scrap-booking. Check out our Fantastic wide range of Beads, Charms and Findings (Ref:9B26)",137.0,4.5,2.0,Art
k2-accessories 1 Box Bronze Plated Metal Jump Rings - approx. 1500 pcs / 0.9mm thickness Mixed - A6325,138.0,4.8,0.0,Art
"50 pieces 6mm ""E"" White Cube Individual Letter Beads - KB0641",139.0,4.2,2.0,Art
Peg Board with 1000 Pegs,140.0,4.1,2.0,Art
"50 pieces 6mm ""P"" White Cube Individual Letter Beads - KB0652",141.0,4.5,0.0,Art
Beados Glitter Starter Kit,142.0,4.2,18.0,Art
myStyle Jewellery Design Studio,143.0,4.3,7.0,Art
"Hama Beads - Group Pack 4,000 Beads",144.0,4.6,0.0,Art
Rainbow Loom Sweets/Bonbons (Cotton candy),145.0,4.5,0.0,Art
10 pieces Tibetan silver style Alloy connectors - A0467,146.0,5.0,0.0,Art
Lyndie's Craft Tibetan Silver bar connectors x10. 30mm Jewellery,147.0,4.5,0.0,Art
Official Rainbow Loom 600 Grey Refill Bands w/ C Clips,148.0,4.5,2.0,Art
Official Rainbow Loom Brand Persian Collection Rubber Bands 600 count and 24 C-Clips (PURPLE),149.0,5.0,0.0,Art
Hama Beads - Dark Red (1000 Midi Beads),150.0,4.3,21.0,Art
ETHAHE 600pcs Light Green Latex-free Loom Refill Rubber Bands Bracelets with 24 S-Clips,151.0,4.7,5.0,Art
Hama Beads 1000 Bead Pack Gold - 61,152.0,4.1,20.0,Art
Hama Maxi Beads Car Set,153.0,5.0,14.0,Art
20 pieces Tibetan Silver Angel Wings Alloy Charm - A0017,154.0,4.6,0.0,Art
Grafix Animal Designer Bead Set,155.0,5.0,0.0,Art
Loom Bandz - Rainbow Colours - White 600 Count,156.0,4.5,2.0,Art
70 - 100 Meters x 0.38mm Tiger Tail Beading Thread Wire - Silver - A7312,157.0,5.0,0.0,Art
"8 x Antique Bronze Filigree Heart Charms with Jump Rings included for attachments. Universal use for Jewellery, Card Making and Scrap-booking. Check out our Fantastic wide range of Beads, Charms and Findings (Ref9B36)",158.0,4.7,0.0,Art
Lyndie's Craft Tibetan Silver 4 hole square connectors x 8. 15mm.Jewellery,159.0,5.0,0.0,Art
Beado's Refill,160.0,4.5,6.0,Art
"Loom Bands 300 or 600, Rainbow, Glitter, Metallic, Candy Stripe, Colour Changing, Glow in Dark, Scented, Solid, Tie Dye (Glitter 300)",161.0,4.1,4.0,Art
"HAMA 207-05 - Beads Red, 1000 Pcs",162.0,4.7,26.0,Art
Hama Beads - Neon Pink (1000 Midi Beads),163.0,5.0,17.0,Art
Loom Bands 600 Bands / Clips / Hook - T1 Black,164.0,4.0,0.0,Art
600 x Loom Rubber Bands 2 Colour 24 x S Clips Tool Twist Colourful,165.0,4.3,3.0,Art
KSG Pin-It Motorcross,166.0,4.6,7.0,Art
Super Poster Display Paper x 1 Roll Orange,167.0,5.0,3.0,Art
"Quilling Papers 3mm, Pack of 100 - Assorted Blues",168.0,4.9,0.0,Art
Paint By Numbers Kits Canvas Mounted on Wood Frame with Brushes and Paints by *Moon's Outlet* Reverside House + Girl + Hug + Plum Blossom + Love of Birds + Poppy Garden + Romantic Coast + Lakeside + Lotus Pond + Street in Paris + Buddha + Child Interests + Bridges + Baby Panda + Pink Lady + Chindhood + Heaven + Love The Sea + Swallow + Green House + Ducks + Provence + Poeny + Carp + Magnolia for adults children seniors junior DIY digital oil painting (Peony),169.0,4.3,1.0,Art
MADE4U Paint By Numbers Kits Canvas Mounted on Wood Frame with Brushes and Paints for Adults Children Seniors Junior DIY Beginner Level Acrylics Painting Kits on Canvas (Audrey Hepburn 8651),170.0,4.6,1.0,Art
Super Poster Display Paper x 1 Roll - Dark Blue,171.0,4.4,0.0,Art
Sons Of Anarchy Patch Sticker,172.0,4.4,0.0,Art
"Jungle Animal Foam Stickers 12 Assorted Designs, Kid's Craft Activities, Embellishments for Decorating, Scapbooking & Card Making (Pack of 96)",173.0,4.3,2.0,Art
MADE4U Paint By Numbers Kits Canvas Mounted on Wood Frame with Brushes and Paints for Adults Children Seniors Junior DIY Beginner Level Acrylics Painting Kits on Canvas (Ancient Town),174.0,4.4,1.0,Art
Melissa & Doug Party Favours: Ballerina Doll,175.0,5.0,10.0,Art
"[ New Release ] Diy Oil Painting by Numbers, Paint by Number Kits - Two Angels 16*20 inches - Digital Oil Painting Canvas Wall Art Artwork Landscape Paintings for Home Living Room Office White Christmas New Year Valentine Decor Decorations Gifts - Diy Paint by Numbers Diy Canvas Kit for Adults Advanced Children Seniors Junior - New Arrival",176.0,5.0,0.0,Toys
MADE4U Paint By Numbers Kits Canvas Mounted on Wood Frame with Brushes and Paints for Adults Children Seniors Junior DIY Beginner Level Acrylics Painting Kits on Canvas (Alice G029),177.0,5.0,1.0,Art
Crosses Religious Sparkle Reward Stickers,178.0,5.0,3.0,Art
Seaside Foam Stickers for Children to Decorate Summer Cards Crafts and Collage (Pack of 120),179.0,5.0,0.0,Art
Die Cut Découpage Sheet - Flower Fairies 17,180.0,5.0,0.0,Art
Mega Sticker Set - Skylanders Giants (Over 225 stickers + 1 Album),181.0,4.7,7.0,Art
2 PACKS EACH OF FUN CREATIVE BRIGHT COLOURFUL SPARKLY REWARD CHART SIZE COLLECTING SMILEY FACE AND STAR STICKERS ((Age ranges)),182.0,5.0,3.0,Art
"Quilling Papers 10mm, Pack of 175 - Winter Colours",183.0,4.0,0.0,Art
Super Poster Display Paper x 1 Roll Light Green,184.0,5.0,2.0,Art
Paint By Numbers Kits Canvas Mounted on Wood Frame with Brushes and Paints by *Moon's Outlet* Sunset in Beach + Lakeside Sunset + Summer Lotus + Firy Maple Leaves + Swan Lake + Peacock + Flowers beside Path + Afternoon Tea + Orioles + Mickey & Minnie + Houses in Forest + Port in Evening + Snow + Travelling by the Sea + St.Albans + Peony in New Year + Jungle Stream + Town in 30s + Dream Valley + Waterwheel House + Unicorn + Red Followers + Peony + Dream Farm + Vase for adults children seniors junior DIY digital oil painting (Peony),185.0,4.0,1.0,Art
Reeves Painting by Numbers Artist Collection Emerald Forest (Large),186.0,4.9,8.0,Art
Super Poster Display Paper x 1 Roll - Red,187.0,4.6,3.0,Art
"Quilling Papers 3mm, Pack of 100 - Green",188.0,4.8,0.0,Art
Melissa & Doug 45 cm x 22 m Easel Paper Roll,189.0,4.6,12.0,Art
Halloween Stickers Value Pack for Children to Decorate Cards Crafts and Collage (Pack of 230),190.0,5.0,0.0,Art
Insect Scratch Art Self-Adhesive Magnets 6 Assorted for Children to Design & Make(Pack of 12),191.0,4.0,0.0,Art
Black & White Wiggle-Eye StackRound & Oval Shaped eyes Assorted Sizes for Children's Craft Activities (560 Eyes),192.0,5.0,0.0,Art
Anker Transformers Stationery Set,193.0,5.0,11.0,Art
"Quilling Papers 3mm, Pack of 100 - Assorted Reds",194.0,4.8,0.0,Art
"Quilling Papers 3mm, Pack of 100 - Assorted Yellows",195.0,5.0,2.0,Art
Sons Of Anarchy Sons Reaper Black Sticker,196.0,5.0,2.0,Art
"INTEX Inflatable Swimming Paddling Play Pool 3 Ring Blue Toy Kids Childs Childrens Baby Family Sizes - 45'' , 58'' , 66'' Diameter (58'' x 13'')",197.0,4.5,0.0,Toys
Intex Fishbowl Pool,198.0,4.2,12.0,Toys
Konfidence Youth Swim Jacket - Blue/Navy - 10-12 yrs,199.0,4.0,2.0,Toys
Set Of 20 Foam Water Pistol HYDRO STORM Blaster Shooter Pump,200.0,4.6,7.0,Toys
"AquaPlay 616, Portable LockBox",201.0,4.0,5.0,Toys
Pack of 24 Christmas & New Year Glitter Tattoo Stencils - 12 Unique Designs In Each Pack,202.0,4.5,0.0,Toys
"3 Pots Of Large 5 Gram Cosmetic Grade Glitter Powders, Ideal For Glitter Tattoos & Body Art. Red Selection",203.0,4.5,0.0,Toys
"Glitter Tattoo Kit with 60 Stencils, 8 Cosmetic Glitters, Glue and Brush. Great Value for Fundraisers and Parties",204.0,4.3,0.0,Toys
"Glitter Tattoo Body Glue / Adhesive. Spooky Witches, Perfect For Halloween",205.0,4.3,0.0,Toys
Boys Glitter Tattoo Kit - 24 Stencil Party Pack - 6 Glitters & Brushes & Glue,206.0,5.0,0.0,Toys
Girls Glitter Tattoo Kit - 24 Stencil Party Pack - 3 Glitters + Brushes & Glue,207.0,4.4,0.0,Toys
Princess and Pirate Body Art Glitter Tattoo Kit / Gift Set,208.0,4.5,2.0,Toys
Pack Of 24 Boys Junior Glitter Tattoo Stencils - 12 Unique Designs In Each Pack,209.0,4.6,0.0,Toys
Pack Of 24 Under The Sea Glitter Tattoo Stencils - 12 Unique Designs In Each Pack,210.0,4.4,0.0,Toys
"3 Pots Of Large 5 Gram Cosmetic Grade Glitter Powders, Ideal For Glitter Tattoos. Purple/Orange/Silver",211.0,5.0,0.0,Toys
Scalextric C8240 Radius 1 Outer Border/Barriers 1:32 Scale Accessory,212.0,5.0,10.0,Toys
Scalextric Digital C1296 Pit Stop Challenge 1:32 Scale Race Set,213.0,4.1,3.0,Toys
Scalextric C8215 Lap Counter/Timer 1:32 Scale Accessory,214.0,4.1,15.0,Toys
Scalextric C8226 Elevated Track Supports Set,215.0,4.0,14.0,Toys
Scalextric Digital 1:32 Scale Racer Race Set,216.0,4.2,7.0,Toys
Scalextric C8511 Track Extension Pack 2 - Leap 1:32 Scale Accessory,217.0,4.1,13.0,Toys
Scalextric Digital C7002 Hand Throttle including 5 x Colour Clips 1:32 Scale Accessory,218.0,4.2,11.0,Toys
Jadlam Racing New MICRO SCALEXTRIC 2x HAND CONTROLLERS THROTTLES,219.0,5.0,2.0,Toys
Scalextric Digital C7041 Pit Lane Game 1:32 Scale Accessory,220.0,4.3,6.0,Toys
Scalextric C8204 Radius 3 Curve 22.5 degree x2 (C153) 1:32 Scale Accessory,221.0,5.0,15.0,Toys
Scalextric Digital C1276 Platinum 1:32 Scale Race Set,222.0,4.2,1.0,Toys
Scalextric C8295 Elevated Track 1:32 Scale Accessory,223.0,4.2,7.0,Toys
Hot Wheels P2843 Car Launcher Track Accessory Pack,224.0,4.6,3.0,Toys
Scalextric 1:32 Scale Monster Truck Mayhem Race Set,225.0,4.4,1.0,Toys
Scalextric C8297 Banked Curve Radius 3 45 degree 1:32 Scale Accessory,226.0,5.0,2.0,Toys
Jadlam Racing New MICRO SCALEXTRIC SPARE BRAIDS PACK OF 6,227.0,4.2,4.0,Toys
Scalextric C3622 1:32 Scale Aston Martin Vantage GT3 Gulf Slot Car,228.0,5.0,7.0,Toys
Scalextric Digital C8516 Plug for Digital Plug Ready (DPR) Single Seat Cars 1:32 Scale Accessory,229.0,4.9,18.0,Toys
Micro Scalextric GT Car No 26 (Black),230.0,4.4,5.0,Toys
Scalextric 1:32 Scale Mini Countryman WRC Slot Car,231.0,5.0,12.0,Toys
Carrera Ferrari Evolution 150 Italia Felipe Massa No.6,232.0,5.0,3.0,Toys
Micro Scalextric 1:64 Scale Turbo GT Race Set,233.0,4.3,3.0,Toys
Scalextric 1:32 Scale Lotus Exige R-GT Slot Car,234.0,5.0,2.0,Toys
Scalextric C3305 Ford RS200 1:32 Scale Slot Car,235.0,4.5,7.0,Toys
Scalextric 1:32 Scale Bentley Continental GT3 Slot Car,236.0,4.8,6.0,Toys
Scalextric C3643 1:32 Scale McLaren P1 Slot Car,237.0,5.0,5.0,Toys
Scalextric 1:32 Scale Monte Carlo Rally Lancia Delta S4 Vs Audi Quattro Limited Edition Slot Car Twin Pack,238.0,5.0,2.0,Toys
NEW SCALEXTRIC CAR C3093 CATERHAM R500 1999 WHITE,239.0,4.0,3.0,Toys
Scalextric 1:32 Scale Lotus Exige V6 Cup-R Slot Car,240.0,5.0,1.0,Toys
Scalextric 1:32 Scale VW Polo WRC Slot Super Resistant Car,241.0,5.0,7.0,Toys
Scalextric C3258 Chevrolet Camaro 1:32 Scale Slot Car,242.0,4.0,4.0,Toys
Scalextric C3623 1:32 Scale Aston Martin Vantage GT3 Beechdean Slot Car,243.0,5.0,0.0,Toys
XT-XINTE FQ777-124 Pocket Drone 4CH 6Axis Gyro UFO Quadcopter With Switchable Controller RTF Helicopter (Black),244.0,4.1,2.0,Toys
The Adventures of Merlin Gwen Guinevere Pendragon Limited Edition Action Figure,245.0,4.8,4.0,Fancy
Idena 8210418 Toy Knight Dressing Up Kit for Children 4 Pieces,246.0,4.0,5.0,Fancy
Zoo Animal Hand Sock Glove Finger Puppets Sack Plush Toy Cow,247.0,4.2,4.0,Toys
Creativity For Kids Creativity for Kids Kit Make Your Own Sock Puppets,248.0,4.4,12.0,Art
Happy 18th Birthday Party Giant Wall Banner 3 Banners Age 18 Party Decoration,249.0,4.7,8.0,Toys
Happy 6th Birthday Giant Party Wall Banner 3 Banners Age 6 Party Decoration,250.0,4.6,6.0,Toys
Ultra Pro Blue Deck Protectors. YuGiOh Size. (60),251.0,4.5,6.0,Games
Yu-Gi-Oh! YGO Legendary Collection 5D's C12 Card Game,252.0,4.9,10.0,Games
Shuffle Monopoly Deal Card Game,253.0,4.9,8.0,Games
Pathfinder Adventure Card Game: Rise of the Runelords Character Add-On Deck,254.0,4.0,16.0,Games
Pokemon TCG XY 2014 Spring Tin,255.0,4.6,2.0,Games
Alderac Entertainment Group Love Letter Adventure Time Boxed Edition Cards,256.0,4.5,7.0,Games
Love Letter Card Game,257.0,4.6,28.0,Games
6 Booster Packs of - Yu-Gi-Oh! Battle Pack 3 Monster League Boosters,258.0,4.3,2.0,Games
Ultra Pro SLEEVES 50 d12 Card Game (Clear),259.0,4.5,12.0,Games
BICYCLE Warrior Horse,260.0,5.0,14.0,Games
Top Deck - Very High Quality Playing Cards - Linen Finish - Varnished,261.0,5.0,0.0,Games
Yu-Gi-Oh Crossed Souls Booster Display Card Game (Pack of 24),262.0,4.7,6.0,Games
"Arcane Wonders ""Sheriff of Nottingham"" Board Game",263.0,4.3,23.0,Games
Cheatwell Games Pirate Snap and Pairs Memory Card Game,264.0,4.2,10.0,Games
Shuffle Trivial Pursuit Card Game,265.0,4.5,5.0,Games
Bicycle Alchemy II Deck,266.0,4.9,12.0,Games
Winning Moves - Top Trumps The Dog,267.0,4.3,4.0,Games
Sentinels of The Multiverse Miss Information Card Game,268.0,5.0,5.0,Games
Timeline Discoveries Card Game,269.0,4.7,5.0,Games
Magic The Gathering Duel Deck - Jace vs Vraska ENGLISH,270.0,4.6,9.0,Games
Luxury Gold Plated Flexible Poker Playing Cards With Lined Gift Box And Certificate,271.0,4.6,0.0,Games
Karnival Elite Ltd Ed Playing Cards,272.0,5.0,0.0,Games
Braverats Card Game,273.0,4.5,3.0,Games
Pokemon Arceus Theme Deck Platinum Arceus Flamemaster,274.0,4.3,2.0,Games
Top Trumps - Manchester City 2013/ 2014,275.0,4.9,5.0,Games
JUMBO PACK KIDS SNAP CARDS 13CM X 9CM APPROX 36 GREAT CARDS,276.0,4.7,14.0,Games
Tasty Minstrel Games Eminent Domain Card Game,277.0,4.3,9.0,Games
Pictionary Card Game,278.0,4.3,7.0,Games
Coloretto Card Game,279.0,4.0,5.0,Games
Dragon Back Bicycle Playing Cards - Blue,280.0,4.8,6.0,Games
Blue Exorcist Playing Cards,281.0,5.0,3.0,Games
Gamewright Sleeping Queens Card Game,282.0,4.9,15.0,Games
Bicycle Playing Cards,283.0,4.9,2.0,Games
UNO Cards,284.0,4.7,51.0,Games
"Bicycle Playing Cards - Poker Size, Black Back",285.0,4.6,30.0,Games
"White Raider Deck, Bicycle Playing Cards, Poker Size",286.0,5.0,0.0,Games
Gamewright Zeus On The Loose Game,287.0,4.6,11.0,Games
Epic Card Game,288.0,5.0,15.0,Games
Blood Bowl Team Manager: Sudden Death,289.0,4.8,8.0,Games
Yu-Gi-Oh! 2015 Mega Tins Card Game,290.0,4.7,12.0,Games
"Piatnik Playing Cards - Shakespeare, double deck",291.0,5.0,5.0,Games
A Game of Thrones: The Card Game,292.0,5.0,21.0,Games
Yu-Gi-Oh Trading Card Game Structure Deck Spellcasters Judgement - Experienced,293.0,4.3,1.0,Games
Bicycle Bacon Lovers Playing Card by Collectable Playing Cards - Trick,294.0,5.0,0.0,Games
Yu-Gi-Oh Retro Pack 2008,295.0,4.0,1.0,Games
Ultra Pro DECKBOX C30 Card Game (Solid Black),296.0,4.3,15.0,Games
E.T. Series 2 - Telepathic E.T. Figure - 7'',297.0,4.8,4.0,Fancy
Pack of 12 - Mexican Western Self Adhesive Moustaches - Great Boys Girls Party Loot Bag Fillers,298.0,4.3,2.0,Fancy
Cupcake Craft,299.0,5.0,7.0,Art
Despicable Me Combo Pack - SET OF 3 ITEMS,300.0,5.0,2.0,Art
Anker Adventure Time Stationery Set,301.0,4.9,15.0,Art
Galt Toys Horrible Histories Awesome Art Set,302.0,4.5,2.0,Art
Pencils Farm Design Pack of 6,303.0,4.8,4.0,Art
Crayola - 9 Glitter Glue,304.0,4.3,12.0,Toys
"Fibracolor Fun Set, colouring pens, Colouring Pencils, Wax Crayons all in one multi box set suitable for home, school, nursery - Super Washable 372 Pieces",305.0,4.0,0.0,Art
Smencils Cupcake Pencil Case,306.0,4.7,6.0,Art
Smencils Sports Pencils,307.0,5.0,6.0,Art
Pearlised Sparkle Acrylic Deco Pens (Pack A) - Pack of 5 - Hobby Line 46201,308.0,4.3,0.0,Art
Glitter Porcelain & Glass Paint Pens (Pack A) - Pack of 5 - Hobby Line 16540,309.0,4.4,0.0,Art
Ryman Deluxe Art Set 126 Piece,310.0,4.2,0.0,Art
Coloured Mini Fluffy Chicks (Pack of 12),311.0,4.0,5.0,Art
Gundam Marker Basic 6 Color Set,312.0,4.3,32.0,Art
Smencils Rainbow Sherbert Pencil Case,313.0,5.0,2.0,Art
Depesche TOPModel 12 Basic Coloured Pencils,314.0,4.7,38.0,Art
Glitter Porcelain & Glass Paint Pens (Pack B) - Pack of 5 - Hobby Line 16541,315.0,4.5,0.0,Art
Smencils Graphite Pencils,316.0,4.3,10.0,Art
Tofern ® Syma 2015 Edition S107E/S107W New Version 3.5 Channel RC Indoor Helicopter with Gyro ~ Blue,317.0,4.2,0.0,Toys
Brookite Shadow Kite,318.0,4.4,10.0,Art
Brio 33406 Cow and Wagon,319.0,4.8,33.0,Toys
22 Silicone Reborn Baby Girl Realistic Newborn Baby Doll for Toddlers Xmas Gift,320.0,5.0,0.0,Toys
Stevenson Entertainment Chitty Chitty Bang Bang Two Pack Figure Toy Maker & Grandpa,321.0,5.0,2.0,Fancy
LEGO Collectable Minifigures: Crash Test Dummy Minifigure (Series 1) (Bagged),322.0,4.2,3.0,Toys
Chuggington Wooden Irving,323.0,5.0,7.0,Fancy
NEW VAMPIRE TEETH HALLOWEEN DRACULA FANCY DRESS,324.0,4.0,15.0,Fancy
Star Trek The Original Series Communicator and Science Tricorder (Pack of 2),325.0,5.0,1.0,Fancy
Teenage Mutant Ninja Turtles Knee High Socks with Ribbon Raphael Mask,326.0,5.0,10.0,Fancy
